Tweet id,Tweet permalink,Tweet text,time,impressions,engagements,engagement rate,retweets,replies,likes,user profile clicks,url clicks,hashtag clicks,detail expands,permalink clicks,app opens,app installs,follows,email tweet,dial phone,media views,media engagements,promoted impressions,promoted engagements,promoted engagement rate,promoted retweets,promoted replies,promoted likes,promoted user profile clicks,promoted url clicks,promoted hashtag clicks,promoted detail expands,promoted permalink clicks,promoted app opens,promoted app installs,promoted follows,promoted email tweet,promoted dial phone,promoted media views,promoted media engagements
7.58841E+17,https://twitter.com/TrumanProject/status/758841004367589376,"So many Truman Members showed up tonight to #WeartheTorch, including @appelgardner! #DemsInPhilly #TrumanInPhilly _Ÿ‡º_Ÿ‡¸ https://t.co/ZS3FfWcZz5",2016-07-29 01:46 +0000,2002,90,0.044955045,3,0,14,7,1,2,16,0,0,0,0,0,0,47,47,-,-,-,-,-,-,-,-,-,-,-,-,-,-,-,-,-,-
7.58836E+17,https://twitter.com/TrumanProject/status/758836160307171328,"Welcome to the @TrumanProject portion of the program, everybody! #WeartheTorch #DemsInPhilly https://t.co/j7A4mOPPU1",2016-07-29 01:26 +0000,2794,117,0.041875447,15,0,26,9,4,3,26,0,0,0,0,0,0,34,34,-,-,-,-,-,-,-,-,-,-,-,-,-,-,-,-,-,-
7.58835E+17,https://twitter.com/TrumanProject/status/758835224125898752,Looks like the Future of American strength has taken the stage. #DemsinPhilly #WeartheTorch @KamaljeetSKalsi https://t.co/om60OpCcSL,2016-07-29 01:23 +0000,5111,186,0.036392095,41,0,44,15,4,2,30,0,0,0,0,0,0,50,50,-,-,-,-,-,-,-,-,-,-,-,-,-,-,-,-,-,-
7.58833E+17,https://twitter.com/TrumanProject/status/758832863353577473,"Now is the time, Truman -- turn on your #DemsinPhilly livestream! #WearTheTorch https://t.co/7F3xiSTJAy",2016-07-29 01:13 +0000,2397,35,0.014601585,7,1,4,5,4,4,0,0,0,0,0,0,0,10,10,-,-,-,-,-,-,-,-,-,-,-,-,-,-,-,-,-,-
7.58759E+17,https://twitter.com/TrumanProject/status/758758978356523008,".@kriskav made quite the impression last night, but don't take our word for it â†’ https://t.co/A5Eee8i1GZ",2016-07-28 20:20 +0000,2319,50,0.021561018,9,0,18,3,13,0,3,0,0,0,0,0,0,4,4,-,-,-,-,-,-,-,-,-,-,-,-,-,-,-,-,-,-
7.58707E+17,https://twitter.com/TrumanProject/status/758707353780748290,Truman Member @MattStrabone wrties in @thehill on Putin and the 2016 election. https://t.co/6jfCCDw49e,2016-07-28 16:55 +0000,1283,4,0.003117693,2,0,1,0,1,0,0,0,0,0,0,0,0,0,0,-,-,-,-,-,-,-,-,-,-,-,-,-,-,-,-,-,-
7.58667E+17,https://twitter.com/TrumanProject/status/758666597896560640,"Thanks, @kriskav, for reminding us what's at stake during this election. #DemsinPhilly https://t.co/G9uL3OB7Aj",2016-07-28 14:13 +0000,1565,18,0.011501597,4,0,7,2,4,0,1,0,0,0,0,0,0,0,0,-,-,-,-,-,-,-,-,-,-,-,-,-,-,-,-,-,-
7.58464E+17,https://twitter.com/TrumanProject/status/758463800995479552,.@kriskav understands that this election is about more than just two candidates. #DemsInPhilly https://t.co/YSrncesyLc,2016-07-28 00:47 +0000,5517,94,0.017038245,30,0,26,8,0,4,13,0,0,0,0,0,0,13,13,-,-,-,-,-,-,-,-,-,-,-,-,-,-,-,-,-,-
7.58464E+17,https://twitter.com/TrumanProject/status/758463678706397184,".@kriskav: ""Donald Trump defies the values that every service member is taught on day one."" #DemsInPhilly https://t.co/CAmKmPuaDK",2016-07-28 00:46 +0000,6251,216,0.034554471,50,0,55,16,7,1,23,0,0,0,0,0,0,64,64,-,-,-,-,-,-,-,-,-,-,-,-,-,-,-,-,-,-
7.58463E+17,https://twitter.com/TrumanProject/status/758463401978769408,â†’ @kriskav: Donald Trump does not represent us. #DemsInPhilly https://t.co/QsgzoiNWjW,2016-07-28 00:45 +0000,3005,52,0.017304493,22,0,19,4,2,0,3,0,0,0,0,0,0,2,2,-,-,-,-,-,-,-,-,-,-,-,-,-,-,-,-,-,-
7.58463E+17,https://twitter.com/TrumanProject/status/758462673000423424,.@kriskav has taken the stage! #DemsinPhilly #CarrytheTorch https://t.co/JSQzK2tHbz,2016-07-28 00:42 +0000,3663,48,0.013104013,16,0,7,7,3,9,1,0,0,0,0,0,0,5,5,-,-,-,-,-,-,-,-,-,-,-,-,-,-,-,-,-,-
7.58347E+17,https://twitter.com/TrumanProject/status/758346849149292544,!!! We are overjoyed to announce that Truman Project Defense Council member @kriskav will take the stage at approx 8PM tonight for #DNCinPHL,2016-07-27 17:02 +0000,2181,93,0.04264099,12,0,13,18,0,1,48,0,0,0,1,0,0,0,0,-,-,-,-,-,-,-,-,-,-,-,-,-,-,-,-,-,-
7.58337E+17,https://twitter.com/TrumanProject/status/758336841057652736,.@nkohlenberg writes on the danger and consequences of the  Putin/Trump alliance in  @defenseone https://t.co/oDARGXeCmU,2016-07-27 16:22 +0000,774,6,0.007751938,1,0,3,0,2,0,0,0,0,0,0,0,0,0,0,-,-,-,-,-,-,-,-,-,-,-,-,-,-,-,-,-,-
7.58014E+17,https://twitter.com/TrumanProject/status/758014130544451584,â†’ @Ali_Wyne on what separates America from China and Russia in @voxdotcom. https://t.co/cMLXZkGMo7,2016-07-26 19:00 +0000,1025,9,0.008780488,2,1,3,0,3,0,0,0,0,0,0,0,0,0,0,-,-,-,-,-,-,-,-,-,-,-,-,-,-,-,-,-,-
7.57975E+17,https://twitter.com/TrumanProject/status/757975426333601792,We're proud to count Sarah Hurwitz as one of many outstanding members of the Truman community. https://t.co/PqdT0QOPTF,2016-07-26 16:26 +0000,1918,52,0.027111575,6,1,15,10,15,0,5,0,0,0,0,0,0,0,0,-,-,-,-,-,-,-,-,-,-,-,-,-,-,-,-,-,-
7.57632E+17,https://twitter.com/TrumanProject/status/757631781499760640,.@M_Breen and @terronII on stage at @TheDemocrats Veterans and Military Families Caucus! #WearTheTorch #DemsInPhilly https://t.co/N2K1u2yMFP,2016-07-25 17:41 +0000,2739,65,0.023731289,11,0,20,7,3,3,3,0,0,0,0,0,0,18,18,-,-,-,-,-,-,-,-,-,-,-,-,-,-,-,-,-,-
7.5658E+17,https://twitter.com/TrumanProject/status/756580382829645824,Donald Trump sends the wrong message to our allies -- again.  https://t.co/999q9DR4vZ,2016-07-22 20:03 +0000,1448,23,0.015883978,5,1,4,3,10,0,0,0,0,0,0,0,0,0,0,-,-,-,-,-,-,-,-,-,-,-,-,-,-,-,-,-,-
7.56332E+17,https://twitter.com/TrumanProject/status/756331652893343745,Trump is irredeemably unfit to serve as commander-in-chief of this nation. Read @M_Breen's statement --&gt; https://t.co/0FBUpL6CFv #RNCinCLE,2016-07-22 03:34 +0000,1731,21,0.012131716,9,0,6,1,5,0,0,0,0,0,0,0,0,0,0,-,-,-,-,-,-,-,-,-,-,-,-,-,-,-,-,-,-
7.56326E+17,https://twitter.com/TrumanProject/status/756325944361639936,"Trump ""does not understand that public office is not meant to inflate oneâ€™s own fragile and ravenous ego."" https://t.co/0FBUpL6CFv #RNCinCLE",2016-07-22 03:12 +0000,1347,12,0.008908686,4,0,4,1,2,0,1,0,0,0,0,0,0,0,0,-,-,-,-,-,-,-,-,-,-,-,-,-,-,-,-,-,-
7.56323E+17,https://twitter.com/TrumanProject/status/756322931047862272,"""Trump does not understand that our role in the world is not to demand and degrade, but to build, lead, and defend."" https://t.co/0FBUpL6CFv",2016-07-22 03:00 +0000,2216,34,0.01534296,13,0,12,2,5,0,2,0,0,0,0,0,0,0,0,-,-,-,-,-,-,-,-,-,-,-,-,-,-,-,-,-,-
7.56322E+17,https://twitter.com/TrumanProject/status/756321733041393664,"Trump's ""authoritarian appeals to fear categorically do not appeal to the â€˜better angels of our nature.â€™"" https://t.co/0FBUpL6CFv #RNCinCLE",2016-07-22 02:55 +0000,1107,9,0.008130081,2,0,1,1,3,0,1,0,0,0,0,1,0,0,0,-,-,-,-,-,-,-,-,-,-,-,-,-,-,-,-,-,-
7.56321E+17,https://twitter.com/TrumanProject/status/756321147537526788,Trump has failed to show he has any qualifications for the highest office in the land. Read more: https://t.co/0FBUpL6CFv #RNCinCLE,2016-07-22 02:53 +0000,1120,6,0.005357143,4,0,1,0,0,0,1,0,0,0,0,0,0,0,0,-,-,-,-,-,-,-,-,-,-,-,-,-,-,-,-,-,-
7.56318E+17,https://twitter.com/TrumanProject/status/756317698976583680,".@realDonaldTrump, we disagree. Our statement on the speech tonight at #RNCinCLE: https://t.co/0FBUpL6CFv",2016-07-22 02:39 +0000,1770,52,0.029378531,11,0,5,7,11,4,14,0,0,0,0,0,0,0,0,-,-,-,-,-,-,-,-,-,-,-,-,-,-,-,-,-,-
7.56316E+17,https://twitter.com/TrumanProject/status/756315814043811845,America is better than fear. America is better than this. #RNCinCLE,2016-07-22 02:31 +0000,1904,51,0.026785714,15,2,12,7,0,2,13,0,0,0,0,0,0,0,0,-,-,-,-,-,-,-,-,-,-,-,-,-,-,-,-,-,-
7.56225E+17,https://twitter.com/TrumanProject/status/756224873899302912,Russia and Turkey's Rapprochement: What not to expect from Truman Member @DrJMankoff in @ForeignAffairs https://t.co/8mb9hetAxy,2016-07-21 20:30 +0000,879,2,0.002275313,0,0,1,0,1,0,0,0,0,0,0,0,0,0,0,-,-,-,-,-,-,-,-,-,-,-,-,-,-,-,-,-,-
7.56219E+17,https://twitter.com/TrumanProject/status/756218595126939648,Truman Member @Constantine_Jus on the out-of-control rhetoric espoused by Newt Gingrich via @HuffingtonPost. https://t.co/N3dFmj5ebI,2016-07-21 20:05 +0000,1149,16,0.013925152,1,0,3,1,9,0,2,0,0,0,0,0,0,0,0,-,-,-,-,-,-,-,-,-,-,-,-,-,-,-,-,-,-
7.56161E+17,https://twitter.com/TrumanProject/status/756160598233128961,".@M_Breen: Take @realDonaldTrump at his word, and the choice becomes clear. #AdmitHesUnfit https://t.co/67Vaiclni0 https://t.co/8r3JJHGnvW",2016-07-21 16:15 +0000,4328,115,0.026571165,34,0,26,8,17,1,12,0,0,0,0,0,0,17,17,-,-,-,-,-,-,-,-,-,-,-,-,-,-,-,-,-,-
7.55784E+17,https://twitter.com/TrumanProject/status/755783605482168321,Meet your #WednesdayWisdom quota with @drjwalkâ€™s #Turkey deep dive in @TheNatlInterest  https://t.co/Nt2AyomiNX,2016-07-20 15:17 +0000,1895,20,0.01055409,2,0,1,1,13,0,3,0,0,0,0,0,0,0,0,-,-,-,-,-,-,-,-,-,-,-,-,-,-,-,-,-,-
7.55458E+17,https://twitter.com/TrumanProject/status/755457690361532417,#Veterans like @ConniePillich agree: A Donald Trump presidency would be a nightmare for our troops. https://t.co/jk79apK840,2016-07-19 17:42 +0000,1900,22,0.011578947,7,0,3,1,7,0,4,0,0,0,0,0,0,0,0,-,-,-,-,-,-,-,-,-,-,-,-,-,-,-,-,-,-
7.55242E+17,https://twitter.com/TrumanProject/status/755241791637499904,The divisive rhetoric of #RNCinCLE's opening act is not representative of the diversity &amp; pluralism that truly make America great.,2016-07-19 03:24 +0000,2346,34,0.014492754,9,0,12,8,0,2,3,0,0,0,0,0,0,0,0,-,-,-,-,-,-,-,-,-,-,-,-,-,-,-,-,-,-
7.54031E+17,https://twitter.com/TrumanProject/status/754030571731378180,Todayâ€™s #TrumpPence rollout is a window into the dangers of a Trump presidency. A logo is the least of our worries. #AdmitHesUnfit,2016-07-15 19:11 +0000,2465,47,0.019066937,10,1,6,13,0,9,8,0,0,0,0,0,0,0,0,-,-,-,-,-,-,-,-,-,-,-,-,-,-,-,-,-,-
7.53635E+17,https://twitter.com/TrumanProject/status/753635226497064962,"Thanks to the #IranDeal, Iran no longer has a path to a nuclear weapon. Letâ€™s ensure its success canâ€™t be undone.  https://t.co/7w48JfLmd1",2016-07-14 17:00 +0000,1082,8,0.007393715,0,0,2,0,6,0,0,0,0,0,0,0,0,0,0,-,-,-,-,-,-,-,-,-,-,-,-,-,-,-,-,-,-
7.5362E+17,https://twitter.com/TrumanProject/status/753620238562758656,"One year later, tough diplomacy and U.S. leadership continue to pay off. The #IranDeal worked. https://t.co/WZMBNQjxRc",2016-07-14 16:00 +0000,1296,11,0.008487654,4,0,2,2,3,0,0,0,0,0,0,0,0,0,0,-,-,-,-,-,-,-,-,-,-,-,-,-,-,-,-,-,-
7.536E+17,https://twitter.com/TrumanProject/status/753599803787993089,"â†’ @k8gould on the how, on the anniversary of the #IranDeal, the world is a safer place. #IranDeal1YearLater https://t.co/mMt83QVhXT",2016-07-14 14:39 +0000,1330,4,0.003007519,2,0,0,0,1,0,1,0,0,0,0,0,0,0,0,-,-,-,-,-,-,-,-,-,-,-,-,-,-,-,-,-,-
7.5296E+17,https://twitter.com/TrumanProject/status/752960281505067008,.@MD_Connolly of @Vets4Diplomacy in @TaskandPurpose RE: How to keep healthcare promises weâ€™ve made to our #veterans https://t.co/w2oqUVEjzq,2016-07-12 20:18 +0000,8093,18,0.002224144,6,0,8,1,3,0,0,0,0,0,0,0,0,0,0,-,-,-,-,-,-,-,-,-,-,-,-,-,-,-,-,-,-
7.52931E+17,https://twitter.com/TrumanProject/status/752931045230555136,"If you take @realDonaldTrump at his word, you have to #AdmitHesUnfit.  https://t.co/kIgtznnnCO",2016-07-12 18:22 +0000,5108,20,0.003915427,6,0,7,4,0,1,2,0,0,0,0,0,0,0,0,-,-,-,-,-,-,-,-,-,-,-,-,-,-,-,-,-,-
7.52895E+17,https://twitter.com/TrumanProject/status/752895429126201344,"Itâ€™s been nearly a year since we signed @TheIranDeal, and the @IranProject2016 is working to build on its success. https://t.co/fORkSD21Eo",2016-07-12 16:00 +0000,1568,25,0.015943878,6,0,5,8,5,0,1,0,0,0,0,0,0,0,0,-,-,-,-,-,-,-,-,-,-,-,-,-,-,-,-,-,-
7.52578E+17,https://twitter.com/TrumanProject/status/752578336560287744,#LetSikhsServe  https://t.co/MWatqfGoDe,2016-07-11 19:00 +0000,1113,0,0,0,0,0,0,0,0,0,0,0,0,0,0,0,0,0,-,-,-,-,-,-,-,-,-,-,-,-,-,-,-,-,-,-
7.52576E+17,https://twitter.com/TrumanProject/status/752575847039700992,"We're not ready to set any of it aside, are you? #AdmitHesUnfit https://t.co/F7T5ZhaHKD",2016-07-11 18:50 +0000,2415,34,0.014078675,4,0,2,1,2,0,3,0,0,0,0,0,0,22,22,-,-,-,-,-,-,-,-,-,-,-,-,-,-,-,-,-,-
7.52533E+17,https://twitter.com/TrumanProject/status/752533034218295297,Donald Trump admires dictators. One more reason to #AdmitHesUnfit. https://t.co/LPKCyq4rdP,2016-07-11 16:00 +0000,1229,2,0.001627339,1,0,1,0,0,0,0,0,0,0,0,0,0,0,0,-,-,-,-,-,-,-,-,-,-,-,-,-,-,-,-,-,-
7.52518E+17,https://twitter.com/TrumanProject/status/752517860996493312,Congratulations to Truman Partner @MaryKateC on her new position as Director of Public Policy at @ASAEcenter! Way to go! _Ÿ‘ç,2016-07-11 15:00 +0000,1433,32,0.022330775,2,0,5,6,0,0,19,0,0,0,0,0,0,0,0,-,-,-,-,-,-,-,-,-,-,-,-,-,-,-,-,-,-
7.51144E+17,https://twitter.com/TrumanProject/status/751143882709098496,".@ThirdWayTweet and @TrumanProject agree it's time all parties #AdmitHesUnfit.Join us â†’ https://t.co/Cs29hbCGTL https://t.co/tzobVHHswg",2016-07-07 20:00 +0000,3124,36,0.011523688,8,0,3,4,2,4,4,0,0,0,0,0,0,11,11,-,-,-,-,-,-,-,-,-,-,-,-,-,-,-,-,-,-
7.51117E+17,https://twitter.com/TrumanProject/status/751117253115015168,"A @realDonaldTrump presidency poses a grave danger to our nation.RT if you think itâ€™s time the GOP #AdmitHesUnfit https://t.co/7mkjYBpFxW",2016-07-07 18:14 +0000,4789,72,0.015034454,17,0,21,15,1,6,8,0,0,0,0,0,0,4,4,-,-,-,-,-,-,-,-,-,-,-,-,-,-,-,-,-,-
7.51071E+17,https://twitter.com/TrumanProject/status/751070947671760896,"Itâ€™s not hyperbole.Stakes of @realDonaldTrump win are too high. GOP must #AdmitHesUnfit. https://t.co/qPtRAueST4 https://t.co/3nhqKtDa01",2016-07-07 15:10 +0000,2569,51,0.019852083,11,0,9,7,5,6,10,0,0,0,0,0,0,3,3,-,-,-,-,-,-,-,-,-,-,-,-,-,-,-,-,-,-
7.51051E+17,https://twitter.com/TrumanProject/status/751050923875700736,"RE: @realDonaldTrump, @ThirdWayTweet &amp; @TrumanProject have just one ask:#AdmitHesUnfit https://t.co/Cs29hbl62d https://t.co/S2Q8wLUnLc",2016-07-07 13:51 +0000,6271,152,0.024238558,35,0,27,15,8,7,31,1,0,0,0,0,0,28,28,-,-,-,-,-,-,-,-,-,-,-,-,-,-,-,-,-,-
7.49266E+17,https://twitter.com/TrumanProject/status/749266447159951360,"RT @operationfree: This #FourthOfJulyWeekend, @MayorBallard urges that we declare our independence from oil: https://t.co/jneCTJZKDy",2016-07-02 15:40 +0000,1212,9,0.007425743,2,0,1,0,1,0,5,0,0,0,0,0,0,0,0,-,-,-,-,-,-,-,-,-,-,-,-,-,-,-,-,-,-
7.49022E+17,https://twitter.com/TrumanProject/status/749022345621274625,"If you want to learn more about the situation in Dhaka, tune in to watch @rgreer01 tonight at 8:00 PM EST on with @chrislhayes.",2016-07-01 23:30 +0000,1531,21,0.013716525,0,0,1,7,0,0,13,0,0,0,0,0,0,0,0,-,-,-,-,-,-,-,-,-,-,-,-,-,-,-,-,-,-
7.48961E+17,https://twitter.com/TrumanProject/status/748960871209136128,Pre-Fourth of July reading: A strong case for energy independence by @MayorBallard https://t.co/g2aK4bppkL cc @OperationFree,2016-07-01 19:26 +0000,1181,9,0.00762066,1,0,0,0,5,0,3,0,0,0,0,0,0,0,0,-,-,-,-,-,-,-,-,-,-,-,-,-,-,-,-,-,-
7.48619E+17,https://twitter.com/TrumanProject/status/748619137203613697,"""A Military Guide to Accessing Research on Fragile States"" by @TheMitraNetwork co-founder @caitlin_tulloch https://t.co/oTAKma4O4j",2016-06-30 20:48 +0000,1739,17,0.009775733,2,0,3,2,8,0,2,0,0,0,0,0,0,0,0,-,-,-,-,-,-,-,-,-,-,-,-,-,-,-,-,-,-
7.48568E+17,https://twitter.com/TrumanProject/status/748568248963203072,Weâ€™re proud to announce the release of @BestWorstPrez by Truman Member/Pro @POTUS mythbuster @ProfessorHannah. https://t.co/wK0vtreQBE,2016-06-30 17:25 +0000,2443,97,0.03970528,5,0,7,9,0,0,28,0,0,0,0,0,0,48,48,-,-,-,-,-,-,-,-,-,-,-,-,-,-,-,-,-,-
7.48544E+17,https://twitter.com/TrumanProject/status/748544053269172224,"Congratulations, Kingston! https://t.co/CGaZl3hGbb",2016-06-30 15:49 +0000,1172,4,0.003412969,0,0,1,0,0,0,3,0,0,0,0,0,0,0,0,-,-,-,-,-,-,-,-,-,-,-,-,-,-,-,-,-,-
7.48524E+17,https://twitter.com/TrumanProject/status/748524499851567104,"âœ”Brexitâœ”TrumpIs this the end of the post-WWII global order? @JFonIR explores in @huffingtonpost https://t.co/mnjAbVKoqK",2016-06-30 14:32 +0000,1076,6,0.005576208,0,0,1,0,4,0,1,0,0,0,0,0,0,0,0,-,-,-,-,-,-,-,-,-,-,-,-,-,-,-,-,-,-
7.48192E+17,https://twitter.com/TrumanProject/status/748191868639293440,.@sethmoulton &amp; @PeteButtigieg: The future of American strength!  https://t.co/V5vh1V5igL,2016-06-29 16:30 +0000,1535,16,0.010423453,3,0,2,3,1,0,7,0,0,0,0,0,0,0,0,-,-,-,-,-,-,-,-,-,-,-,-,-,-,-,-,-,-
7.48175E+17,https://twitter.com/TrumanProject/status/748175486782705664,When it comes to protecting visas for US allies â€“ the Senate missed an opportunity writes @JFonIR on @gazettedotcom https://t.co/QSM1HZCBAf,2016-06-29 15:25 +0000,1566,13,0.008301405,5,0,2,4,0,0,2,0,0,0,0,0,0,0,0,-,-,-,-,-,-,-,-,-,-,-,-,-,-,-,-,-,-
7.47142E+17,https://twitter.com/TrumanProject/status/747141830211416064,"Thanks to the entire community that helped make #TruCon16 such a success!Now, it's time to get to work.",2016-06-26 18:57 +0000,2118,29,0.013692162,4,0,14,2,0,2,7,0,0,0,0,0,0,0,0,-,-,-,-,-,-,-,-,-,-,-,-,-,-,-,-,-,-
7.47139E+17,https://twitter.com/TrumanProject/status/747138981062643712,One last dose of #Breenspiration from @M_Breen himself put the bow on #TruCon16. https://t.co/Inmy5QGLKf,2016-06-26 18:46 +0000,1818,40,0.0220022,3,1,2,7,0,7,3,0,0,0,0,0,0,17,17,-,-,-,-,-,-,-,-,-,-,-,-,-,-,-,-,-,-
7.47131E+17,https://twitter.com/TrumanProject/status/747130820314431488,#StratComms breakout - compliments of @eliejacobs @philwnyc &amp; @DealyMahler. https://t.co/70koLTaJel,2016-06-26 18:14 +0000,1367,28,0.020482809,3,0,5,3,0,0,5,0,0,0,0,0,0,12,12,-,-,-,-,-,-,-,-,-,-,-,-,-,-,-,-,-,-
7.47103E+17,https://twitter.com/TrumanProject/status/747102962338635776,We couldn't be more ready. https://t.co/siZtpk8Hdz,2016-06-26 16:23 +0000,1161,2,0.001722653,0,0,1,1,0,0,0,0,0,0,0,0,0,0,0,-,-,-,-,-,-,-,-,-,-,-,-,-,-,-,-,-,-
7.47093E+17,https://twitter.com/TrumanProject/status/747093405071712257,#SundayMorning at #TruCon16 https://t.co/GVNVTQKxCY,2016-06-26 15:45 +0000,1158,43,0.037132988,1,0,4,1,4,2,0,0,0,0,0,0,0,31,31,-,-,-,-,-,-,-,-,-,-,-,-,-,-,-,-,-,-
7.47091E+17,https://twitter.com/TrumanProject/status/747091356451999745,"Thanks, @MikeMoschella for helping lead another great session! #TruCon16 https://t.co/rnlzLH1uGn",2016-06-26 15:37 +0000,1715,39,0.022740525,2,0,9,4,6,0,10,0,0,0,0,0,0,8,8,-,-,-,-,-,-,-,-,-,-,-,-,-,-,-,-,-,-
7.47088E+17,https://twitter.com/TrumanProject/status/747088101663703040,Fact checking school house rock w/ @sayssea @reemadodin &amp; @RobLeonard. #TruCon16 https://t.co/eJj1VuWAkd,2016-06-26 15:24 +0000,1441,40,0.027758501,0,0,7,9,3,1,1,0,0,0,1,0,0,18,18,-,-,-,-,-,-,-,-,-,-,-,-,-,-,-,-,-,-
7.47084E+17,https://twitter.com/TrumanProject/status/747084407396261889,.@SidneyOlinyk @LukeHartig &amp; Kimberly Jackson on continuing to #serve. #TruCon16 https://t.co/bAa3Cf5mqC,2016-06-26 15:09 +0000,1589,36,0.022655758,4,0,6,3,2,0,2,0,0,0,0,0,0,19,19,-,-,-,-,-,-,-,-,-,-,-,-,-,-,-,-,-,-
7.47081E+17,https://twitter.com/TrumanProject/status/747081205246472193,".@MAAlcala rocking the #TruCon16 stage, and the Truman  #swag. https://t.co/0Bj2Yerzg4",2016-06-26 14:56 +0000,1099,64,0.058234759,1,1,7,6,5,1,16,0,0,0,0,0,0,27,27,-,-,-,-,-,-,-,-,-,-,-,-,-,-,-,-,-,-
7.47069E+17,https://twitter.com/TrumanProject/status/747069160165879809,The #swag has arrived. #TruCon16 https://t.co/WF7Q7s9h1P,2016-06-26 14:09 +0000,830,21,0.025301205,0,0,2,1,0,2,1,0,0,0,0,0,0,15,15,-,-,-,-,-,-,-,-,-,-,-,-,-,-,-,-,-,-
7.46829E+17,https://twitter.com/TrumanProject/status/746828597793533952,#TruCon16 day three is in the books! https://t.co/HtM4t1LL8T,2016-06-25 22:13 +0000,1029,35,0.034013605,3,0,7,2,23,0,0,0,0,0,0,0,0,0,0,-,-,-,-,-,-,-,-,-,-,-,-,-,-,-,-,-,-
7.46823E+17,https://twitter.com/TrumanProject/status/746822856928075776,"Shot: #Breenspiration Chaser: #Springspiration.#TruCon16 https://t.co/oUeUBA4se7",2016-06-25 21:50 +0000,1066,35,0.032833021,1,0,8,2,0,4,3,0,0,0,0,0,0,17,17,-,-,-,-,-,-,-,-,-,-,-,-,-,-,-,-,-,-
7.46814E+17,https://twitter.com/TrumanProject/status/746813785726455808,.@GilCabrera knows how to #Get2Work. #TruCon16 https://t.co/lmQbxJPgmZ,2016-06-25 21:14 +0000,1269,42,0.033096927,2,0,6,3,2,2,8,0,0,0,0,0,0,19,19,-,-,-,-,-,-,-,-,-,-,-,-,-,-,-,-,-,-
7.4681E+17,https://twitter.com/TrumanProject/status/746809708980408320,"Just when you thought you couldn't be more #inspired, @RepScottHolcomb takes the stage. #TruCon16 https://t.co/OPfQQ9EvUS",2016-06-25 20:58 +0000,1207,30,0.024855012,3,0,3,5,0,2,13,0,0,0,0,0,0,4,4,-,-,-,-,-,-,-,-,-,-,-,-,-,-,-,-,-,-
7.46808E+17,https://twitter.com/TrumanProject/status/746807855680991232,.@MissyatWSU is taking #TruCon16 into the shadow of the space needle. https://t.co/ICMr4U5tUi,2016-06-25 20:50 +0000,1386,27,0.019480519,5,0,3,5,0,2,6,0,0,0,0,0,0,6,6,-,-,-,-,-,-,-,-,-,-,-,-,-,-,-,-,-,-
7.46804E+17,https://twitter.com/TrumanProject/status/746803743316934656,"Truman Electeds Panel: @MissyatWSU, @appelgardner, @RepScottHolcomb, @ConniePillich &amp; @GilCabrera #stacked #TruCon16 https://t.co/gx9ckMgYG5",2016-06-25 20:34 +0000,1314,35,0.026636225,2,0,5,2,0,0,6,0,0,0,0,0,0,20,20,-,-,-,-,-,-,-,-,-,-,-,-,-,-,-,-,-,-
7.46797E+17,https://twitter.com/TrumanProject/status/746796964386377728,Turning ideas into action. #TruCon16 https://t.co/rDeA7eHaFY,2016-06-25 20:07 +0000,1337,114,0.08526552,2,0,9,9,5,2,9,0,0,0,0,0,0,78,78,-,-,-,-,-,-,-,-,-,-,-,-,-,-,-,-,-,-
7.46775E+17,https://twitter.com/TrumanProject/status/746775231952490496,"Critical tools for any #natsec / foreign policy professional. #TruCon16 cc: @joshuamarcuse https://t.co/k7C8sJ269Y",2016-06-25 18:41 +0000,1589,48,0.030207678,3,0,9,4,0,1,17,0,0,0,0,0,0,14,14,-,-,-,-,-,-,-,-,-,-,-,-,-,-,-,-,-,-
7.46775E+17,https://twitter.com/TrumanProject/status/746774585761239040,"Teach us, @joshuamarcuse! #TruCon16 https://t.co/QKKzyYbNYr",2016-06-25 18:38 +0000,830,28,0.03373494,3,0,5,4,2,1,1,0,0,0,0,0,0,12,12,-,-,-,-,-,-,-,-,-,-,-,-,-,-,-,-,-,-
7.46771E+17,https://twitter.com/TrumanProject/status/746770943381475328,#TruCon16 FOMO is real. https://t.co/Ju436NYLkg,2016-06-25 18:24 +0000,531,10,0.018832392,0,1,1,1,0,3,4,0,0,0,0,0,0,0,0,-,-,-,-,-,-,-,-,-,-,-,-,-,-,-,-,-,-
7.4677E+17,https://twitter.com/TrumanProject/status/746770263438663680,"Getting beyond traditional gender roles w/ @kwilfore, @jacqui_oneill, @bhdoherty &amp; Varina Winder. #TruCon16 https://t.co/D7Q7u1pmmD",2016-06-25 18:21 +0000,1936,72,0.037190083,8,1,7,10,4,0,7,1,0,0,0,0,0,34,34,-,-,-,-,-,-,-,-,-,-,-,-,-,-,-,-,-,-
7.46743E+17,https://twitter.com/TrumanProject/status/746742650301255681,#TruCon16 inevitabilities. https://t.co/JBMCZ6VfMA,2016-06-25 16:31 +0000,1022,9,0.008806262,2,0,2,0,0,2,3,0,0,0,0,0,0,0,0,-,-,-,-,-,-,-,-,-,-,-,-,-,-,-,-,-,-
7.4674E+17,https://twitter.com/TrumanProject/status/746740248747642880,Let's get to work. #TruCon16,2016-06-25 16:22 +0000,844,9,0.010663507,2,0,4,1,0,1,1,0,0,0,0,0,0,0,0,-,-,-,-,-,-,-,-,-,-,-,-,-,-,-,-,-,-
7.46731E+17,https://twitter.com/TrumanProject/status/746730559431446529,It's time. #breenspiration #TruCon16 https://t.co/EQaCYYaATL,2016-06-25 15:43 +0000,1203,37,0.030756442,4,0,7,0,1,7,3,0,0,0,0,0,0,15,15,-,-,-,-,-,-,-,-,-,-,-,-,-,-,-,-,-,-
7.46725E+17,https://twitter.com/TrumanProject/status/746724880213774337,The @AtlanticCouncil's @jasmineelgamal has taken the stage. #TruCon16 #StoryofSelf https://t.co/X5qCFogSXc,2016-06-25 15:20 +0000,1790,71,0.039664804,6,0,5,13,5,1,12,0,0,0,0,0,0,29,29,-,-,-,-,-,-,-,-,-,-,-,-,-,-,-,-,-,-
7.46721E+17,https://twitter.com/TrumanProject/status/746721250827972608,Soldier/Sikh/ ER Doc @KamaljeetSKalsi has a #StoryofSelf to tell. #LetSikhsServe #TruCon16 https://t.co/TIYcwZmn4A,2016-06-25 15:06 +0000,1098,33,0.030054645,7,0,15,1,0,7,3,0,0,0,0,0,0,0,0,-,-,-,-,-,-,-,-,-,-,-,-,-,-,-,-,-,-
7.4672E+17,https://twitter.com/TrumanProject/status/746720056818737153,_Ÿ˜‚_Ÿ˜‚_Ÿ˜‚ compliments of @KamaljeetSKalsi. #TruCon16 https://t.co/Eh4LFSn2XL,2016-06-25 15:01 +0000,1021,45,0.044074437,2,0,6,3,3,0,3,0,0,0,0,0,0,28,28,-,-,-,-,-,-,-,-,-,-,-,-,-,-,-,-,-,-
7.46716E+17,https://twitter.com/TrumanProject/status/746715945025048576,.@Robcando is finding his voice. #TruCon16 #StoryofSelf https://t.co/cSMvNWPnkL,2016-06-25 14:45 +0000,920,26,0.02826087,4,0,7,4,2,1,3,0,0,0,0,0,0,5,5,-,-,-,-,-,-,-,-,-,-,-,-,-,-,-,-,-,-
7.46714E+17,https://twitter.com/TrumanProject/status/746713578955149312,"#changeagent / @Picture_Motion DC President, @HeidiNel is sharing her story. #TruCon16 #StoryofSelf https://t.co/UIKes30jWK",2016-06-25 14:36 +0000,1066,40,0.037523452,6,0,10,5,0,3,4,0,0,0,0,0,0,12,12,-,-,-,-,-,-,-,-,-,-,-,-,-,-,-,-,-,-
7.46709E+17,https://twitter.com/TrumanProject/status/746708504409407488,We're starting today with Truman Members' story of self - and @TJmyked is leading off. #TruCon16 #trudiversity https://t.co/06RqPBF3NU,2016-06-25 14:15 +0000,1423,40,0.028109628,5,0,13,4,0,4,8,0,0,0,0,0,0,6,6,-,-,-,-,-,-,-,-,-,-,-,-,-,-,-,-,-,-
7.46707E+17,https://twitter.com/TrumanProject/status/746706591399948289,Breaking the ice on day three of  #TruCon16 https://t.co/HvsIc1x5hD,2016-06-25 14:08 +0000,784,48,0.06122449,0,0,8,4,1,1,6,0,0,0,0,0,0,28,28,-,-,-,-,-,-,-,-,-,-,-,-,-,-,-,-,-,-
7.46697E+17,https://twitter.com/TrumanProject/status/746697045268889600,Looking forward to it! #TruCon16  https://t.co/823Yod6yzj,2016-06-25 13:30 +0000,725,10,0.013793103,2,0,4,2,0,0,2,0,0,0,0,0,0,0,0,-,-,-,-,-,-,-,-,-,-,-,-,-,-,-,-,-,-
7.46685E+17,https://twitter.com/TrumanProject/status/746685434214883328,Medium roast #Breenspiration: the fuel of #TruCon16.  https://t.co/N43VYo32UO,2016-06-25 12:44 +0000,785,11,0.014012739,0,1,1,2,0,4,3,0,0,0,0,0,0,0,0,-,-,-,-,-,-,-,-,-,-,-,-,-,-,-,-,-,-
7.4648E+17,https://twitter.com/TrumanProject/status/746480243192389632,That's a wrap for day two of #TruCon16. Thanks to everyone who made it so epic! Members --we'll see you tomorrow! https://t.co/qjUv9VmxBb,2016-06-24 23:08 +0000,778,22,0.028277635,1,0,4,3,6,2,6,0,0,0,0,0,0,0,0,-,-,-,-,-,-,-,-,-,-,-,-,-,-,-,-,-,-
7.46466E+17,https://twitter.com/TrumanProject/status/746465920520962048,Thanks to Jake Sullivan for the inspirational words on America's role in the world. The future of _Ÿ‡º_Ÿ‡¸ _Ÿ’ª is brighter than ever! #TruCon16,2016-06-24 22:11 +0000,1060,18,0.016981132,3,2,3,2,0,3,5,0,0,0,0,0,0,0,0,-,-,-,-,-,-,-,-,-,-,-,-,-,-,-,-,-,-
7.46463E+17,https://twitter.com/TrumanProject/status/746463336213127168,"Jake Sullivan on Trump: ""At the end of the day, this really isn't a laughing matter. The stakes are too high"" #TruCon16",2016-06-24 22:01 +0000,2280,46,0.020175439,11,6,14,8,0,2,5,0,0,0,0,0,0,0,0,-,-,-,-,-,-,-,-,-,-,-,-,-,-,-,-,-,-
7.46462E+17,https://twitter.com/TrumanProject/status/746462470827610112,"Jake Sullivan on the Donald Trump playbook: ""Rather than consult with others; [Trump] consults with himself."" #TruCon16",2016-06-24 21:58 +0000,1231,20,0.016246954,5,1,4,3,0,4,3,0,0,0,0,0,0,0,0,-,-,-,-,-,-,-,-,-,-,-,-,-,-,-,-,-,-
7.46461E+17,https://twitter.com/TrumanProject/status/746461379054415872,"Jake Sullivan: ""Declining powers can be just as disruptive as rising powers."" #TruCon16",2016-06-24 21:53 +0000,700,8,0.011428571,0,2,4,2,0,0,0,0,0,0,0,0,0,0,0,-,-,-,-,-,-,-,-,-,-,-,-,-,-,-,-,-,-
7.46461E+17,https://twitter.com/TrumanProject/status/746460986253713409,"Jake Sullivan: ""Reshaping the rules of the road is a fundamental project for American foreign policy."" #TruCon16",2016-06-24 21:52 +0000,828,12,0.014492754,3,1,1,6,0,1,0,0,0,0,0,0,0,0,0,-,-,-,-,-,-,-,-,-,-,-,-,-,-,-,-,-,-
7.46459E+17,https://twitter.com/TrumanProject/status/746459081649553408,"Jake Sullivan: ""As we work to enforce the #Iran deal, and fight to defeat #ISIS, we must be mindful of the context in the region."" #TruCon16",2016-06-24 21:44 +0000,789,11,0.013941698,1,0,1,1,0,1,7,0,0,0,0,0,0,0,0,-,-,-,-,-,-,-,-,-,-,-,-,-,-,-,-,-,-
7.46458E+17,https://twitter.com/TrumanProject/status/746457773555191808,"Jake Sullivan: ""The next decade represents a crucial opportunity for getting American foreign policy right."" #TruCon16",2016-06-24 21:39 +0000,926,9,0.009719222,3,1,2,1,0,2,0,0,0,0,0,0,0,0,0,-,-,-,-,-,-,-,-,-,-,-,-,-,-,-,-,-,-
7.46457E+17,https://twitter.com/TrumanProject/status/746457167377670144,"Jake Sullivan: ""For all of our flaws -- the US is still the only country that can get the job done."" #TruCon16 https://t.co/GIX2TGahZf",2016-06-24 21:37 +0000,2108,41,0.019449715,9,1,7,5,0,2,5,0,0,0,0,0,0,12,12,-,-,-,-,-,-,-,-,-,-,-,-,-,-,-,-,-,-
7.46457E+17,https://twitter.com/TrumanProject/status/746456532800380935,#TruBros #TruCon16  https://t.co/pqxFThAiYD,2016-06-24 21:34 +0000,595,6,0.010084034,0,0,3,0,0,1,2,0,0,0,0,0,0,0,0,-,-,-,-,-,-,-,-,-,-,-,-,-,-,-,-,-,-
7.46455E+17,https://twitter.com/TrumanProject/status/746455499831447552,WATCH: Jake Sullivan at #TruCon16 -- live now! https://t.co/2q6S699QS9,2016-06-24 21:30 +0000,986,36,0.036511156,4,0,3,1,13,2,13,0,0,0,0,0,0,0,0,-,-,-,-,-,-,-,-,-,-,-,-,-,-,-,-,-,-
7.46454E+17,https://twitter.com/TrumanProject/status/746454278718504960,#TruCon16 is going LIVE on @cspan with @HillaryClinton foreign policy advisor Jake Sullivan. Watch here â†“ https://t.co/2q6S699QS9,2016-06-24 21:25 +0000,1048,14,0.013358779,3,0,2,0,5,3,1,0,0,0,0,0,0,0,0,-,-,-,-,-,-,-,-,-,-,-,-,-,-,-,-,-,-
7.46447E+17,https://twitter.com/TrumanProject/status/746446643063566336,".@Jonathan_Berman: ""Technology and automation create a trail, and reduce opportunities for corruption."" #Africa #tech #TruCon16",2016-06-24 20:55 +0000,724,6,0.008287293,2,0,0,2,0,1,1,0,0,0,0,0,0,0,0,-,-,-,-,-,-,-,-,-,-,-,-,-,-,-,-,-,-
7.46443E+17,https://twitter.com/TrumanProject/status/746443353286393856,@itsianrussell we were thrilled to have you - thanks for bringing your perspective to #TruCon16!,2016-06-24 20:42 +0000,205,0,0,0,0,0,0,0,0,0,0,0,0,0,0,0,0,0,-,-,-,-,-,-,-,-,-,-,-,-,-,-,-,-,-,-
7.46443E+17,https://twitter.com/TrumanProject/status/746442619291635716,We're now talking #Africa &amp; #tech with @jongos @Rosejackson3 @Jonathan_Berman &amp; @robtashima. #TruCon16 https://t.co/hi3tPrZeKU,2016-06-24 20:39 +0000,1176,27,0.022959184,5,0,2,2,2,1,0,0,0,0,0,0,0,15,15,-,-,-,-,-,-,-,-,-,-,-,-,-,-,-,-,-,-
7.4644E+17,https://twitter.com/TrumanProject/status/746439701620473856,"Political appointments: explained. Thanks, @SteptoeLLP! #TruCon16 https://t.co/71y9fOi9xY",2016-06-24 20:27 +0000,839,18,0.021454112,2,0,2,2,2,0,2,0,0,0,0,0,0,8,8,-,-,-,-,-,-,-,-,-,-,-,-,-,-,-,-,-,-
7.46429E+17,https://twitter.com/TrumanProject/status/746428946770763776,@kath_hicks Thanks for lending your voice to #TruCon16!,2016-06-24 19:45 +0000,169,4,0.023668639,1,0,0,1,0,0,2,0,0,0,0,0,0,0,0,-,-,-,-,-,-,-,-,-,-,-,-,-,-,-,-,-,-
7.46427E+17,https://twitter.com/TrumanProject/status/746426683255889921,Real talk. #TruCon16  https://t.co/eMb1eJ8dCO,2016-06-24 19:36 +0000,731,7,0.009575923,2,0,2,0,1,1,1,0,0,0,0,0,0,0,0,-,-,-,-,-,-,-,-,-,-,-,-,-,-,-,-,-,-
7.46425E+17,https://twitter.com/TrumanProject/status/746425411228274689,"""Current xenophobic rhetoric is extremely distressing, and a propaganda windfall for #ISIS"" #TruCon16 #refugees https://t.co/hh7aW9cTzm",2016-06-24 19:31 +0000,2790,54,0.019354839,9,2,9,9,2,1,7,0,0,0,0,0,0,15,15,-,-,-,-,-,-,-,-,-,-,-,-,-,-,-,-,-,-
7.46424E+17,https://twitter.com/TrumanProject/status/746423881536253953,".@TheWilsonCenter's John Thon Majok, ""You get resilience out of tragedy."" #refugees #TruCon16 https://t.co/WQrwHfLjJS",2016-06-24 19:24 +0000,1252,11,0.008785942,2,0,3,1,1,1,2,0,0,0,0,0,0,1,1,-,-,-,-,-,-,-,-,-,-,-,-,-,-,-,-,-,-
7.46423E+17,https://twitter.com/TrumanProject/status/746422657432825856,Iraqi #refugee Farah Al-Khafaji is sharing her story of heartbreak and perseverance. #TruCon16 https://t.co/ul7IJiYxma,2016-06-24 19:20 +0000,1483,37,0.024949427,6,0,5,4,1,1,15,0,0,0,0,0,0,5,5,-,-,-,-,-,-,-,-,-,-,-,-,-,-,-,-,-,-
7.4642E+17,https://twitter.com/TrumanProject/status/746419937846001664,#FrontlineCivlians @_rebeccaz @Lkatzenberg @AngelicYoung @JRichmond_IR share their unique perspective at #TruCon16. https://t.co/zhrkqeLhqI,2016-06-24 19:09 +0000,1599,67,0.041901188,8,0,9,3,7,2,22,0,0,0,0,0,0,16,16,-,-,-,-,-,-,-,-,-,-,-,-,-,-,-,-,-,-
7.46418E+17,https://twitter.com/TrumanProject/status/746418298976251905,. @Lkatzenberg of @TaskandPurpose is now leading a discussion on #FrontlineCivlians at #TruCon16. https://t.co/uE3Asfw2IQ,2016-06-24 19:02 +0000,1634,84,0.051407589,5,0,2,7,5,1,49,1,0,0,0,0,0,14,14,-,-,-,-,-,-,-,-,-,-,-,-,-,-,-,-,-,-
7.46409E+17,https://twitter.com/TrumanProject/status/746409222955470848,".@USTreasury U/S Szubin: ""Going forward, we're going to stay closely engaged with Congress on the #Iran deal."" @TheIranDeal",2016-06-24 18:26 +0000,756,6,0.007936508,2,0,1,3,0,0,0,0,0,0,0,0,0,0,0,-,-,-,-,-,-,-,-,-,-,-,-,-,-,-,-,-,-
7.46405E+17,https://twitter.com/TrumanProject/status/746405028513071104,".@USTreasury U/S Szubin: ""We have to be mindful of the costs and benefits of the use of [sanctions]."" #TruCon16 https://t.co/ocOonbJSP6",2016-06-24 18:10 +0000,1837,18,0.009798585,6,1,3,2,2,0,0,0,0,0,0,0,0,4,4,-,-,-,-,-,-,-,-,-,-,-,-,-,-,-,-,-,-
7.46404E+17,https://twitter.com/TrumanProject/status/746403701095563264,".@USTreasury U/S Szubin:""If Iran wants these sanctions lifted, then they need to change the behavior that led to the sanctions."" #TruCon16",2016-06-24 18:04 +0000,697,4,0.005738881,0,0,1,3,0,0,0,0,0,0,0,0,0,0,0,-,-,-,-,-,-,-,-,-,-,-,-,-,-,-,-,-,-
7.46402E+17,https://twitter.com/TrumanProject/status/746401698546126849,"Adam Szubin on #Iran ""There is no question that collective global security is advanced by this deal."" #TruCon16",2016-06-24 17:56 +0000,1533,7,0.00456621,4,0,1,0,0,1,1,0,0,0,0,0,0,0,0,-,-,-,-,-,-,-,-,-,-,-,-,-,-,-,-,-,-
7.46401E+17,https://twitter.com/TrumanProject/status/746401082809655297,Acting U/S for Terrorism and Financial Intelligence has kicked off the afternoon session. #TruCon16 https://t.co/Ax2D2lmblM,2016-06-24 17:54 +0000,892,10,0.011210762,3,1,1,1,0,0,1,0,0,0,0,0,0,3,3,-,-,-,-,-,-,-,-,-,-,-,-,-,-,-,-,-,-
7.46371E+17,https://twitter.com/TrumanProject/status/746371399107874816,"Gen. Cartwright on #Brexit: ""Global norms are clearly under assault."" #TruCon16 https://t.co/qzDH9UHGM5",2016-06-24 15:56 +0000,1430,23,0.016083916,5,0,6,2,1,1,3,0,0,0,0,0,0,5,5,-,-,-,-,-,-,-,-,-,-,-,-,-,-,-,-,-,-
7.46368E+17,https://twitter.com/TrumanProject/status/746367701975703552,".@kath_hicks: ""We have to think differently about #natsec in the 21st century."" #TruCon16",2016-06-24 15:41 +0000,1444,26,0.01800554,4,0,2,7,0,2,11,0,0,0,0,0,0,0,0,-,-,-,-,-,-,-,-,-,-,-,-,-,-,-,-,-,-
7.46367E+17,https://twitter.com/TrumanProject/status/746367074344271873,".@kath_hicks, Gen. Cartwright and Evelyn Farkas are now commanding our attn for today's final AM session. #TruCon16 https://t.co/cgiQF1pig3",2016-06-24 15:39 +0000,876,42,0.047945205,1,0,1,2,3,0,22,0,0,0,0,0,0,13,13,-,-,-,-,-,-,-,-,-,-,-,-,-,-,-,-,-,-
7.46366E+17,https://twitter.com/TrumanProject/status/746366301480837121,_Ÿ‘è_Ÿ‘è_Ÿ‘è https://t.co/OL6iXCYFus,2016-06-24 15:36 +0000,584,1,0.001712329,0,0,0,0,0,0,1,0,0,0,0,0,0,0,0,-,-,-,-,-,-,-,-,-,-,-,-,-,-,-,-,-,-
7.4636E+17,https://twitter.com/TrumanProject/status/746360420303241216,@BrianBWagner nothing personal - we promise.,2016-06-24 15:12 +0000,86,3,0.034883721,0,0,1,0,0,0,2,0,0,0,0,0,0,0,0,-,-,-,-,-,-,-,-,-,-,-,-,-,-,-,-,-,-
7.46357E+17,https://twitter.com/TrumanProject/status/746357112423522304,#TruDiversity co-director @TJmyked getting in the mix at #TruCon16. https://t.co/h7SSLkhz18,2016-06-24 14:59 +0000,809,23,0.028430161,2,0,5,2,1,1,2,0,0,0,0,0,0,10,10,-,-,-,-,-,-,-,-,-,-,-,-,-,-,-,-,-,-
7.46354E+17,https://twitter.com/TrumanProject/status/746354317108645889,We've opened up Q&amp;A for our second session of day2: National Security in the 2016 Election. #TruCon16 https://t.co/Heq24vcZyr,2016-06-24 14:48 +0000,940,16,0.017021277,0,0,0,0,2,0,7,0,0,0,0,0,0,7,7,-,-,-,-,-,-,-,-,-,-,-,-,-,-,-,-,-,-
7.46353E+17,https://twitter.com/TrumanProject/status/746352871629787136,Effective strategies for engaging voters in #natsec issues. #TruCon16 https://t.co/gasnypNwpI,2016-06-24 14:42 +0000,726,5,0.006887052,0,0,0,2,0,0,2,0,0,0,0,0,0,1,1,-,-,-,-,-,-,-,-,-,-,-,-,-,-,-,-,-,-
7.4635E+17,https://twitter.com/TrumanProject/status/746349752871190528,.@ConniePillich addresses the troops during #day2 of #TruCon16. https://t.co/nn4Qo2oZcL,2016-06-24 14:30 +0000,763,10,0.01310616,1,0,0,1,2,0,1,0,0,0,0,0,0,5,5,-,-,-,-,-,-,-,-,-,-,-,-,-,-,-,-,-,-
7.46348E+17,https://twitter.com/TrumanProject/status/746348130963165185,".@ConniePillich ""We need to get our #veterans involved ""Thanks for the truman training shout!",2016-06-24 14:23 +0000,593,1,0.001686341,0,0,0,0,0,0,1,0,0,0,0,0,0,0,0,-,-,-,-,-,-,-,-,-,-,-,-,-,-,-,-,-,-
7.46346E+17,https://twitter.com/TrumanProject/status/746346430214864896,We are excited to welcome #veteran @ConniePillich to #TruCon16! https://t.co/97qtOjFSZW,2016-06-24 14:17 +0000,697,10,0.014347202,0,0,3,2,0,0,3,0,0,0,0,0,0,2,2,-,-,-,-,-,-,-,-,-,-,-,-,-,-,-,-,-,-
7.46338E+17,https://twitter.com/TrumanProject/status/746337593361596416,".@ABlinken on inspiration ""@JohnKerry takes on daunting challenges everyday - &amp; that's what Americans do."" #TruCon16 https://t.co/4Rf5TMoN3q",2016-06-24 13:42 +0000,3161,49,0.015501424,5,1,5,5,4,2,8,0,0,0,0,0,0,19,19,-,-,-,-,-,-,-,-,-,-,-,-,-,-,-,-,-,-
7.46334E+17,https://twitter.com/TrumanProject/status/746333978211262464,".@ABlinken: ""New international dynamics create additional opportunities for multinational engagement."" #TruCon16",2016-06-24 13:27 +0000,811,10,0.012330456,2,0,2,2,0,2,2,0,0,0,0,0,0,0,0,-,-,-,-,-,-,-,-,-,-,-,-,-,-,-,-,-,-
7.46333E+17,https://twitter.com/TrumanProject/status/746332805198655488,.@ABlinken â€œ#Brexit will not change the US/UK special relationship.â€ù #TruCon16 https://t.co/NDj0op92ak,2016-06-24 13:23 +0000,1465,13,0.00887372,3,0,3,1,1,1,1,0,0,0,0,0,0,3,3,-,-,-,-,-,-,-,-,-,-,-,-,-,-,-,-,-,-
7.46331E+17,https://twitter.com/TrumanProject/status/746331287645003776,Let's go! #Day2 #TruCon16 https://t.co/bHQls8UPX6,2016-06-24 13:16 +0000,761,15,0.019710907,0,0,2,1,1,3,1,0,0,0,0,0,0,7,7,-,-,-,-,-,-,-,-,-,-,-,-,-,-,-,-,-,-
7.46325E+17,https://twitter.com/TrumanProject/status/746324873627181056,We're ready to go! @M_Breen on deck. #TruCon16 #Day2 https://t.co/2aqWSjhU7e,2016-06-24 12:51 +0000,766,9,0.011749347,0,0,5,0,1,1,0,0,0,0,0,0,0,2,2,-,-,-,-,-,-,-,-,-,-,-,-,-,-,-,-,-,-
7.46321E+17,https://twitter.com/TrumanProject/status/746320646523752450,Here we go for day 2 of #TruCon16! We're just a half hour away from Deputy @StateDept Secretary @ABlinken!,2016-06-24 12:34 +0000,750,6,0.008,1,0,1,3,0,0,1,0,0,0,0,0,0,0,0,-,-,-,-,-,-,-,-,-,-,-,-,-,-,-,-,-,-
7.4614E+17,https://twitter.com/TrumanProject/status/746139585248436224,.@M_Breen and @Denis44 talking shop at #TruCon16. https://t.co/DJZpbj1tdt,2016-06-24 00:35 +0000,930,48,0.051612903,3,0,5,2,4,0,8,0,0,0,0,0,0,26,26,-,-,-,-,-,-,-,-,-,-,-,-,-,-,-,-,-,-
7.46138E+17,https://twitter.com/TrumanProject/status/746137721123577857,_Ÿ‘çThis is the kind of forward thinking we need. #TruCon16 #TruCon17? https://t.co/1E6UqWpw4n,2016-06-24 00:27 +0000,1013,20,0.019743337,3,1,5,4,0,0,7,0,0,0,0,0,0,0,0,-,-,-,-,-,-,-,-,-,-,-,-,-,-,-,-,-,-
7.46136E+17,https://twitter.com/TrumanProject/status/746136190710071296,".@Denis44: ""No other country on earth is better equipped to lead on #climate."" #TruCon16",2016-06-24 00:21 +0000,654,5,0.00764526,0,0,1,1,0,0,3,0,0,0,0,0,0,0,0,-,-,-,-,-,-,-,-,-,-,-,-,-,-,-,-,-,-
7.46135E+17,https://twitter.com/TrumanProject/status/746134565341765632,".@WhiteHouse Chief of Staff @Denis44 is in the house at #TruCon16. You could say we're fired up. https://t.co/Yrmv4tk6VJ",2016-06-24 00:15 +0000,1552,46,0.029639175,9,0,13,4,1,2,4,0,0,0,0,0,0,13,13,-,-,-,-,-,-,-,-,-,-,-,-,-,-,-,-,-,-
7.46125E+17,https://twitter.com/TrumanProject/status/746125175691874304,"Thanks for stopping by, @SECARMY. What a way to start #TruCon16! https://t.co/VrLx0uGSLO",2016-06-23 23:37 +0000,1572,43,0.02735369,4,0,10,3,0,1,5,0,0,0,0,0,0,20,20,-,-,-,-,-,-,-,-,-,-,-,-,-,-,-,-,-,-
7.46124E+17,https://twitter.com/TrumanProject/status/746123602827812864,".@SECARMY: ""Our armed forces should represent the pluralism and diversity of our great country."" Well said!#TruCon16 #trudiversity",2016-06-23 23:31 +0000,933,12,0.012861736,4,0,5,1,0,0,2,0,0,0,0,0,0,0,0,-,-,-,-,-,-,-,-,-,-,-,-,-,-,-,-,-,-
7.46122E+17,https://twitter.com/TrumanProject/status/746122455249457152,".@SECARMY with @M_Breen: ""We could not fight these wars without civilians essentially on the frontlines."" #FrontlineCivilians #TruCon16",2016-06-23 23:27 +0000,761,14,0.018396846,3,0,3,0,0,0,8,0,0,0,0,0,0,0,0,-,-,-,-,-,-,-,-,-,-,-,-,-,-,-,-,-,-
7.46122E+17,https://twitter.com/TrumanProject/status/746121956685119488,".@SECARMY: ""We are under-resourcing our civilians."" #TruCon16 #FrontlineCivilians",2016-06-23 23:25 +0000,636,4,0.006289308,2,0,2,0,0,0,0,0,0,0,0,0,0,0,0,-,-,-,-,-,-,-,-,-,-,-,-,-,-,-,-,-,-
7.46122E+17,https://twitter.com/TrumanProject/status/746121513099632642,"Welcome to #Trucon16, @SECARMY! https://t.co/j58iH4TCQj",2016-06-23 23:23 +0000,666,20,0.03003003,2,0,5,2,0,1,3,0,0,0,0,0,0,7,7,-,-,-,-,-,-,-,-,-,-,-,-,-,-,-,-,-,-
7.46118E+17,https://twitter.com/TrumanProject/status/746118368248406016,Opening ceremony about to get started at #TruCon16! https://t.co/ayKopV7KN5,2016-06-23 23:10 +0000,1291,39,0.03020914,3,0,3,2,4,0,2,0,0,0,0,0,0,25,25,-,-,-,-,-,-,-,-,-,-,-,-,-,-,-,-,-,-
7.46108E+17,https://twitter.com/TrumanProject/status/746107760153067525,These guys look like they belong. #TruCon16 https://t.co/LIi5Jb62CX,2016-06-23 22:28 +0000,897,68,0.07580825,1,0,5,1,2,0,10,0,0,0,0,0,0,49,49,-,-,-,-,-,-,-,-,-,-,-,-,-,-,-,-,-,-
7.46083E+17,https://twitter.com/TrumanProject/status/746082814290989056,"More field trips!The Asia Expert group is on Capitol Hill for a briefing on policies in the region. #TruCon16 https://t.co/poyjoRXuAn",2016-06-23 20:49 +0000,1031,25,0.024248303,1,1,3,1,3,2,4,0,0,0,0,0,0,10,10,-,-,-,-,-,-,-,-,-,-,-,-,-,-,-,-,-,-
7.4608E+17,https://twitter.com/TrumanProject/status/746080149590908928,"Who's up for a field trip?Trumanites dropped by @generalelectric to get a jump start on #TruCon16. https://t.co/F41pfD8XVz",2016-06-23 20:39 +0000,946,22,0.023255814,0,0,0,0,0,2,5,0,0,0,0,0,0,15,15,-,-,-,-,-,-,-,-,-,-,-,-,-,-,-,-,-,-
7.46025E+17,https://twitter.com/TrumanProject/status/746025272659451905,Tracking the situation in #Venezuela? Follow @CaitlinHowarth for critical information and updates. #franciscolibre #gabriellibre,2016-06-23 17:01 +0000,847,7,0.008264463,2,0,2,0,0,1,2,0,0,0,0,0,0,0,0,-,-,-,-,-,-,-,-,-,-,-,-,-,-,-,-,-,-
7.46018E+17,https://twitter.com/TrumanProject/status/746017561461010432,"It's official: the #TruCon16 app has launched! iOS: https://t.co/bxue85oefJAndroid: https://t.co/qIxqBUI89b",2016-06-23 16:30 +0000,1403,65,0.046329294,4,0,9,1,30,15,6,0,0,0,0,0,0,0,0,-,-,-,-,-,-,-,-,-,-,-,-,-,-,-,-,-,-
7.45968E+17,https://twitter.com/TrumanProject/status/745968221250064384,Urgent request from @CaitlinHowarth https://t.co/iqoDLTgwAP,2016-06-23 13:14 +0000,722,5,0.006925208,0,1,1,0,0,0,3,0,0,0,0,0,0,0,0,-,-,-,-,-,-,-,-,-,-,-,-,-,-,-,-,-,-
7.45655E+17,https://twitter.com/TrumanProject/status/745655213151838209,"All #FrontlineCivilians have a story. Today, @M_Breen shared one of those stories at @USIP. Watch â†“ https://t.co/k4QT9ZI91D",2016-06-22 16:30 +0000,1123,12,0.010685663,4,0,1,1,2,1,1,0,0,0,0,0,0,2,2,-,-,-,-,-,-,-,-,-,-,-,-,-,-,-,-,-,-
7.45367E+17,https://twitter.com/TrumanProject/status/745367030669381632,Last chance to check out @M_Breen / @_rebeccaz / @hhigginbottom talking #FrontlineCivilians tomorrow @USIP. RSVP â†’ https://t.co/AwSBkuPhGL,2016-06-21 21:25 +0000,2726,23,0.008437271,4,0,6,2,4,1,6,0,0,0,0,0,0,0,0,-,-,-,-,-,-,-,-,-,-,-,-,-,-,-,-,-,-
7.44968E+17,https://twitter.com/TrumanProject/status/744968194423545856,NEXT WEEK: Join Truman Political Partner @k8gould &amp; @WomensAction for a discussion on the #Iran deal. (h/t @enfein) https://t.co/jmiiG4nIPb,2016-06-20 19:00 +0000,1460,12,0.008219178,5,0,2,2,2,0,1,0,0,0,0,0,0,0,0,-,-,-,-,-,-,-,-,-,-,-,-,-,-,-,-,-,-
7.44923E+17,https://twitter.com/TrumanProject/status/744922905562079232,"On #WorldRefugeeDay, we are reminded of our responsibility to the millions of forcibly displaced individuals across the world. #WithRefugees",2016-06-20 16:00 +0000,1541,15,0.009733939,4,0,7,1,0,0,3,0,0,0,0,0,0,0,0,-,-,-,-,-,-,-,-,-,-,-,-,-,-,-,-,-,-
7.44904E+17,https://twitter.com/TrumanProject/status/744904206537064449,This is it! #TruCon16 week is here! Public tickets still available â†’ https://t.co/RNWPlEUMhy,2016-06-20 14:46 +0000,836,11,0.013157895,2,0,1,0,6,2,0,0,0,0,0,0,0,0,0,-,-,-,-,-,-,-,-,-,-,-,-,-,-,-,-,-,-
7.43522E+17,https://twitter.com/TrumanProject/status/743522057963528192,Truman #DefCon Member @KelsLCampbell will be part of a #worldrefugeeday panel hosted by @humanrights1st.Be there â†’ https://t.co/95XhD9mckg,2016-06-16 19:14 +0000,1054,10,0.009487666,1,0,1,1,4,1,2,0,0,0,0,0,0,0,0,-,-,-,-,-,-,-,-,-,-,-,-,-,-,-,-,-,-
7.43153E+17,https://twitter.com/TrumanProject/status/743153134852202498,"""Murder knows no Faith"" -- from @KamaljeetSKalsi in @usnews.  https://t.co/Np2XzxJ6JW",2016-06-15 18:48 +0000,1101,12,0.010899183,3,1,3,0,5,0,0,0,0,0,0,0,0,0,0,-,-,-,-,-,-,-,-,-,-,-,-,-,-,-,-,-,-
7.42822E+17,https://twitter.com/TrumanProject/status/742821879220719617,Truman members â†’ #TruCon16 is next week! Thereâ€™s still time to register. https://t.co/DhwX0OKqcN https://t.co/eiQ6iIsk7Q,2016-06-14 20:51 +0000,1447,23,0.015894955,2,0,4,3,8,2,0,0,0,0,0,0,0,4,4,-,-,-,-,-,-,-,-,-,-,-,-,-,-,-,-,-,-
7.42454E+17,https://twitter.com/TrumanProject/status/742454045764243457,"#TruDiversity co-chair @TJmyked: Americans need each other more than ever. Now and always, we are stronger together. https://t.co/XAmeYKSJSi",2016-06-13 20:30 +0000,1339,9,0.006721434,3,0,0,3,0,1,2,0,0,0,0,0,0,0,0,-,-,-,-,-,-,-,-,-,-,-,-,-,-,-,-,-,-
7.42447E+17,https://twitter.com/TrumanProject/status/742446616225845249,".@M_Breen: While extremists will seek to divide us and exploit our fears, we stand with one another to defeat them. https://t.co/XAmeYKSJSi",2016-06-13 20:00 +0000,2751,40,0.014540167,9,0,2,13,9,0,7,0,0,0,0,0,0,0,0,-,-,-,-,-,-,-,-,-,-,-,-,-,-,-,-,-,-
7.42439E+17,https://twitter.com/TrumanProject/status/742438994164621312,Our statement on the attack in Orlando. https://t.co/XAmeYKSJSi,2016-06-13 19:30 +0000,2780,29,0.010431655,10,0,4,2,11,0,2,0,0,0,0,0,0,0,0,-,-,-,-,-,-,-,-,-,-,-,-,-,-,-,-,-,-
7.41284E+17,https://twitter.com/TrumanProject/status/741284004285034496,"JUST ANNOUNCED: @HillaryClinton Senior Policy Advisor, Jake Sullivan, will be joining us at #TruCon16, will you? https://t.co/DhwX0OKqcN",2016-06-10 15:00 +0000,1741,22,0.012636416,3,0,4,2,11,2,0,0,0,0,0,0,0,0,0,-,-,-,-,-,-,-,-,-,-,-,-,-,-,-,-,-,-
7.4099E+17,https://twitter.com/TrumanProject/status/740989519038550017,"Come join @M_Breen, @hhigginbottom &amp; more for a discussion on #FrontlineCivilians at @USIP on June 22. https://t.co/tGZc8tqejl",2016-06-09 19:30 +0000,4426,29,0.006552192,6,0,8,7,5,2,1,0,0,0,0,0,0,0,0,-,-,-,-,-,-,-,-,-,-,-,-,-,-,-,-,-,-
7.40974E+17,https://twitter.com/TrumanProject/status/740974409779810304,"#TBT to the @VP dropping by #TruCon15. Members, make sure youâ€™re in for #TruCon16 â†’ https://t.co/DhwX0OsOOd https://t.co/On81R4o7WU",2016-06-09 18:30 +0000,1356,10,0.007374631,2,0,2,0,4,0,1,0,0,0,0,0,0,1,1,-,-,-,-,-,-,-,-,-,-,-,-,-,-,-,-,-,-
7.40944E+17,https://twitter.com/TrumanProject/status/740944127039131649,"â€œCommanders need the authority to allocate resources so as to leverage military, diplomatic and development tools.â€ù https://t.co/tkdEIw2qjd",2016-06-09 16:30 +0000,1501,9,0.005996003,3,0,2,0,4,0,0,0,0,0,0,0,0,0,0,-,-,-,-,-,-,-,-,-,-,-,-,-,-,-,-,-,-
7.40929E+17,https://twitter.com/TrumanProject/status/740929017168035840,Have experience working in foreign policy/nat sec communications? Truman is seeking a Press Secretary.  https://t.co/GYmP2YupVy,2016-06-09 15:30 +0000,1716,16,0.009324009,5,0,2,0,8,0,1,0,0,0,0,0,0,0,0,-,-,-,-,-,-,-,-,-,-,-,-,-,-,-,-,-,-
7.40631E+17,https://twitter.com/TrumanProject/status/740630783119921153,Congratulations to Truman Member @Marc_Berman on advancing to the #CA24 general last night!,2016-06-08 19:45 +0000,1934,17,0.008790072,2,1,4,1,0,0,9,0,0,0,0,0,0,0,0,-,-,-,-,-,-,-,-,-,-,-,-,-,-,-,-,-,-
7.40618E+17,https://twitter.com/TrumanProject/status/740617575520980992,Congratulations! https://t.co/2FBqFaViRn,2016-06-08 18:52 +0000,1333,9,0.006751688,1,0,2,4,1,0,1,0,0,0,0,0,0,0,0,-,-,-,-,-,-,-,-,-,-,-,-,-,-,-,-,-,-
7.40614E+17,https://twitter.com/TrumanProject/status/740613698985807872,"Congrats, Chris! https://t.co/zbiERyU5XD",2016-06-08 18:37 +0000,1217,1,8.22E-04,0,0,0,1,0,0,0,0,0,0,0,0,0,0,0,-,-,-,-,-,-,-,-,-,-,-,-,-,-,-,-,-,-
7.4028E+17,https://twitter.com/TrumanProject/status/740279742016806914,"What is the â€œThe Classiest, Most Luxurious, Highest Quality Session Everâ€ù? Members, find out at #TruCon16. â†’ https://t.co/DhwX0OsOOd",2016-06-07 20:30 +0000,1259,7,0.005559968,0,0,0,1,6,0,0,0,0,0,0,0,0,0,0,-,-,-,-,-,-,-,-,-,-,-,-,-,-,-,-,-,-
7.40241E+17,https://twitter.com/TrumanProject/status/740241427548897282,"Happening at #TruCon16 â†’ Stories from the Frontlines: A Conversation w @nytimes @Kim_Barker. Members, register here: https://t.co/DhwX0OsOOd",2016-06-07 17:58 +0000,1172,4,0.003412969,0,0,0,0,3,0,1,0,0,0,0,0,0,0,0,-,-,-,-,-,-,-,-,-,-,-,-,-,-,-,-,-,-
7.40202E+17,https://twitter.com/TrumanProject/status/740202423340261379,â€œWe must strengthen our diplomats &amp; development experts who are critical to our natl security.â€ù #FrontlineCivilians https://t.co/tvKsAR2VCD,2016-06-07 15:23 +0000,1867,25,0.013390466,5,0,9,1,10,0,0,0,0,0,0,0,0,0,0,-,-,-,-,-,-,-,-,-,-,-,-,-,-,-,-,-,-
7.39895E+17,https://twitter.com/TrumanProject/status/739894720264966144,Truman Defense Council member @LizPerezLC reflects on #DDay with #WWII veterans. https://t.co/9WhlUgu5zQ,2016-06-06 19:00 +0000,983,9,0.009155646,0,0,0,1,4,0,4,0,0,0,0,0,0,0,0,-,-,-,-,-,-,-,-,-,-,-,-,-,-,-,-,-,-
7.39874E+17,https://twitter.com/TrumanProject/status/739874270990336000,Truman members â†’ #TruCon16 is almost here! Have you registered? https://t.co/DhwX0OsOOd https://t.co/6smwdPtO4g,2016-06-06 17:39 +0000,1709,43,0.025160913,1,0,3,1,24,4,5,0,0,0,0,0,0,5,5,-,-,-,-,-,-,-,-,-,-,-,-,-,-,-,-,-,-
7.39834E+17,https://twitter.com/TrumanProject/status/739834361831383040,"We must never forget the courage and sacrifice of those who fought against tyranny on this day, 72 years ago. #DDay https://t.co/2VE0kAeDAE",2016-06-06 15:00 +0000,7116,104,0.014614952,32,0,24,5,1,0,13,0,0,0,0,0,0,29,29,-,-,-,-,-,-,-,-,-,-,-,-,-,-,-,-,-,-
7.38785E+17,https://twitter.com/TrumanProject/status/738784917136408576,Member applications for the Truman class of 2017 are now open! Learn more: https://t.co/aaivObhqIw https://t.co/zBFG02dLf1,2016-06-03 17:30 +0000,2893,86,0.029726927,11,0,7,6,34,0,8,0,0,0,0,1,0,19,19,-,-,-,-,-,-,-,-,-,-,-,-,-,-,-,-,-,-
7.38762E+17,https://twitter.com/TrumanProject/status/738762342326894592,"""Let's honor our promise to courageous military translators."" - @AndrewBorene in @usnews https://t.co/urohQsjWwE",2016-06-03 16:00 +0000,1410,15,0.010638298,5,0,4,1,4,0,1,0,0,0,0,0,0,0,0,-,-,-,-,-,-,-,-,-,-,-,-,-,-,-,-,-,-
7.38104E+17,https://twitter.com/TrumanProject/status/738104115511726081,".@M_Breen on the #refugee crisis in @humanrights1st video: ""Our values are the engine of our security."" https://t.co/qlXKjil6Cm",2016-06-01 20:25 +0000,1413,13,0.009200283,3,0,1,1,2,0,4,0,0,0,0,0,0,2,2,-,-,-,-,-,-,-,-,-,-,-,-,-,-,-,-,-,-
7.38098E+17,https://twitter.com/TrumanProject/status/738097872466382848,Truman Security Fellow @shadihamid is releasing his new book #IslamicExceptionalism. Be a part of the launch. https://t.co/RZVTPhUZlv,2016-06-01 20:00 +0000,4583,24,0.005236744,3,1,4,5,9,0,2,0,0,0,0,0,0,0,0,-,-,-,-,-,-,-,-,-,-,-,-,-,-,-,-,-,-
7.38083E+17,https://twitter.com/TrumanProject/status/738083017982255105,"Join us, and thousands more who have already signed their name to #LetSikhsServe. https://t.co/CkxjAYxNjj https://t.co/ykeZSd84Rx",2016-06-01 19:01 +0000,2096,37,0.017652672,5,0,9,3,7,0,6,0,0,0,0,0,0,7,7,-,-,-,-,-,-,-,-,-,-,-,-,-,-,-,-,-,-
7.38022E+17,https://twitter.com/TrumanProject/status/738022333978316801,"Is there ""An App to Save Syria's Lost Generation?"" From @latonero in @ForeignAffairs https://t.co/D3Mcr6aeHT",2016-06-01 15:00 +0000,1616,16,0.00990099,3,2,3,0,5,0,3,0,0,0,0,0,0,0,0,-,-,-,-,-,-,-,-,-,-,-,-,-,-,-,-,-,-
7.38007E+17,https://twitter.com/TrumanProject/status/738007267132334080,"This year, weâ€™re teaming up with @ElectThis to spread the word on nat sec issues.Stay informed. Get involved. â†’ https://t.co/WJC4tGCwXh",2016-06-01 14:00 +0000,1562,11,0.007042254,2,0,2,4,3,0,0,0,0,0,0,0,0,0,0,-,-,-,-,-,-,-,-,-,-,-,-,-,-,-,-,-,-
7.37705E+17,https://twitter.com/TrumanProject/status/737705335528398848,Powerful stuff: @n1leftbehind helped Naqeeb escape the Taliban. Then he joined @TheEllenShow to tell his story. https://t.co/AYnHPJwO23,2016-05-31 18:00 +0000,1580,13,0.008227848,3,0,3,1,2,0,2,0,0,0,0,0,0,2,2,-,-,-,-,-,-,-,-,-,-,-,-,-,-,-,-,-,-
7.3766E+17,https://twitter.com/TrumanProject/status/737659948855754752,How Islam is influencing the debate in China â€“ from Truman Fellow Matthew Erie in @Diplomat_APAC  https://t.co/9Z5tulhvIa,2016-05-31 15:00 +0000,931,0,0,0,0,0,0,0,0,0,0,0,0,0,0,0,0,0,-,-,-,-,-,-,-,-,-,-,-,-,-,-,-,-,-,-
7.37282E+17,https://twitter.com/TrumanProject/status/737282481238351873,"This Memorial Day, we honor those who have paid the ultimate sacrifice in service of their country. Your memory lives on forever.",2016-05-30 14:00 +0000,4919,35,0.007115267,17,0,13,2,0,0,3,0,0,0,0,0,0,0,0,-,-,-,-,-,-,-,-,-,-,-,-,-,-,-,-,-,-
7.36249E+17,https://twitter.com/TrumanProject/status/736248886365323264,Here's a lunch read for you: Truman Partner @enfein in @usnews on the â€œmythâ€ù of nuclear weapons. https://t.co/CV2gveyMkp,2016-05-27 17:33 +0000,998,5,0.00501002,1,0,1,0,3,0,0,0,0,0,0,0,0,0,0,-,-,-,-,-,-,-,-,-,-,-,-,-,-,-,-,-,-
7.35836E+17,https://twitter.com/TrumanProject/status/735835928648908800,#FrontlineCivilians support us abroad â€“ and we should do everything we can to ensure their safety and success. https://t.co/SvaL886U98,2016-05-26 14:12 +0000,1719,8,0.004653869,3,0,1,1,0,1,2,0,0,0,0,0,0,0,0,-,-,-,-,-,-,-,-,-,-,-,-,-,-,-,-,-,-
7.35586E+17,https://twitter.com/TrumanProject/status/735585587667861504,"An uncomfortable, but important piece by @KamaljeetSKalsi. https://t.co/7IO8iQvYm9",2016-05-25 21:37 +0000,1830,5,0.00273224,1,0,1,0,0,0,3,0,0,0,0,0,0,0,0,-,-,-,-,-,-,-,-,-,-,-,-,-,-,-,-,-,-
7.34806E+17,https://twitter.com/TrumanProject/status/734806190803156992,"TOMORROW: Join us for the launch of â€œA Call for a New Approach to Fragile States."" https://t.co/8Oz1ouuti2 https://t.co/5V4OWH0EJU",2016-05-23 18:00 +0000,1351,9,0.006661732,0,0,4,0,1,0,1,0,0,0,0,0,0,3,3,-,-,-,-,-,-,-,-,-,-,-,-,-,-,-,-,-,-
7.34768E+17,https://twitter.com/TrumanProject/status/734768445137420288,New from Truman Partner @BrianBWagner in @HuffingtonPost: â€œYou Are What You Post Onlineâ€ù https://t.co/yMFPXePo1P,2016-05-23 15:30 +0000,1277,8,0.006264683,1,1,1,1,3,0,1,0,0,0,0,0,0,0,0,-,-,-,-,-,-,-,-,-,-,-,-,-,-,-,-,-,-
7.33696E+17,https://twitter.com/TrumanProject/status/733695835834351617,Congrats to Truman member &amp; #veteran advocate @KrisGoldsmith85 on your productive week on the Hill! https://t.co/MxJaWhAsvp,2016-05-20 16:28 +0000,1956,16,0.008179959,4,0,7,2,1,0,2,0,0,0,0,0,0,0,0,-,-,-,-,-,-,-,-,-,-,-,-,-,-,-,-,-,-
7.33354E+17,https://twitter.com/TrumanProject/status/733354074561609728,Be sure to check out @TaskandPurpose radio w/ @Lkatzenberg â€“ featured in @SamplerShow w/ @serial host Sarah Koenig! https://t.co/RfjdfwfrUH,2016-05-19 17:50 +0000,2518,35,0.013899921,4,0,4,5,3,0,19,0,0,0,0,0,0,0,0,-,-,-,-,-,-,-,-,-,-,-,-,-,-,-,-,-,-
7.33094E+17,https://twitter.com/TrumanProject/status/733094259029594112,A big thank you to the new @SECARMY Eric Fanning for dropping by tonight! Congratulations on the confirmation! https://t.co/I0Mgg2Pz2r,2016-05-19 00:37 +0000,4345,141,0.032451093,12,0,28,22,3,0,18,0,0,0,0,0,0,58,58,-,-,-,-,-,-,-,-,-,-,-,-,-,-,-,-,-,-
7.32942E+17,https://twitter.com/TrumanProject/status/732942350847250432,Thousands have signed on. Add your name and help #LetSikhsServe. https://t.co/CkxjAYgcrL https://t.co/W8Pri8xQpU,2016-05-18 14:34 +0000,1718,27,0.015715949,2,0,6,0,6,1,5,0,0,0,0,0,0,7,7,-,-,-,-,-,-,-,-,-,-,-,-,-,-,-,-,-,-
7.32607E+17,https://twitter.com/TrumanProject/status/732606513727016960,"Montana State Rep. @AndrewPersonMT in @billingsgazette: ""House defense budget sets dangerous precedent."" https://t.co/Pe4QRiHI73",2016-05-17 16:19 +0000,1298,6,0.004622496,0,0,0,0,6,0,0,0,0,0,0,0,0,0,0,-,-,-,-,-,-,-,-,-,-,-,-,-,-,-,-,-,-
7.31134E+17,https://twitter.com/TrumanProject/status/731134425023401986,".@M_Breen in @HuffingtonPost: Any politician who does not understand what makes America great, is not fit to lead. https://t.co/BqTyM4efyG",2016-05-13 14:50 +0000,1793,22,0.012269939,5,0,4,1,11,0,1,0,0,0,0,0,0,0,0,-,-,-,-,-,-,-,-,-,-,-,-,-,-,-,-,-,-
7.30451E+17,https://twitter.com/TrumanProject/status/730451272386674688,Appointing qualified leaders is critical to our national security: https://t.co/7SuIuqpdyh,2016-05-11 17:35 +0000,2133,21,0.009845288,5,0,2,1,11,0,2,0,0,0,0,0,0,0,0,-,-,-,-,-,-,-,-,-,-,-,-,-,-,-,-,-,-
7.30088E+17,https://twitter.com/TrumanProject/status/730087619703406592,We stand with the @sikh_coalition in their effort to #LetSikhsServe. Sign the petition. https://t.co/CkxjAYxNjj https://t.co/UttqF6j49Z,2016-05-10 17:30 +0000,10685,89,0.008329434,15,0,17,6,19,4,9,0,0,0,0,0,0,19,19,-,-,-,-,-,-,-,-,-,-,-,-,-,-,-,-,-,-
7.30036E+17,https://twitter.com/TrumanProject/status/730036180796854272,Truman Project fellow @shadihamid poses powerful questions in @TheAtlantic: https://t.co/T8nowkeHDd,2016-05-10 14:06 +0000,1568,13,0.008290816,0,0,4,2,6,0,1,0,0,0,0,0,0,0,0,-,-,-,-,-,-,-,-,-,-,-,-,-,-,-,-,-,-
7.29763E+17,https://twitter.com/TrumanProject/status/729763034051158017,".@KamaljeetSKalsi is a proud #Sikh, and a great soldier. Join us and #LetSikhsServe. https://t.co/CkxjAYxNjj https://t.co/k1juJ7DO5n",2016-05-09 20:00 +0000,12311,424,0.034440744,36,0,48,39,38,6,76,0,0,0,2,0,0,179,179,-,-,-,-,-,-,-,-,-,-,-,-,-,-,-,-,-,-
7.29718E+17,https://twitter.com/TrumanProject/status/729717803834445824,Letâ€™s ensure that no human capital is wasted. Sign the petition to #LetSikhsServe. https://t.co/CkxjAYxNjj https://t.co/M6S8DKJqrB,2016-05-09 17:00 +0000,3675,32,0.008707483,7,0,2,1,8,0,4,0,0,0,0,0,0,10,10,-,-,-,-,-,-,-,-,-,-,-,-,-,-,-,-,-,-
7.28384E+17,https://twitter.com/TrumanProject/status/728384305018208256,"Great showing from our Chicago chapter tonight! #TruChihttps://t.co/wWiofjTfE9",2016-05-06 00:42 +0000,2576,14,0.005434783,5,0,4,1,0,0,4,0,0,0,0,0,0,0,0,-,-,-,-,-,-,-,-,-,-,-,-,-,-,-,-,-,-
7.27868E+17,https://twitter.com/TrumanProject/status/727868142786105344,.@M_Breen in @IBTimes piece by @lydiatomkiw: Military leaders are speaking out against Trump â€“ and itâ€™s striking. https://t.co/YrhK3lqZ4K,2016-05-04 14:31 +0000,2318,18,0.007765315,3,0,1,0,13,0,1,0,0,0,0,0,0,0,0,-,-,-,-,-,-,-,-,-,-,-,-,-,-,-,-,-,-
7.27527E+17,https://twitter.com/TrumanProject/status/727526936793239553,https://t.co/BozOgQ4Unf #NoExceptions,2016-05-03 15:55 +0000,1727,10,0.005790388,1,0,0,1,8,0,0,0,0,0,0,0,0,0,0,-,-,-,-,-,-,-,-,-,-,-,-,-,-,-,-,-,-
7.27259E+17,https://twitter.com/TrumanProject/status/727258952241696772,.@SallyPainter1 writes in favor of NATO expansion --&gt; https://t.co/YwvyVtYyTi,2016-05-02 22:10 +0000,6974,37,0.00530542,4,0,2,6,6,0,19,0,0,0,0,0,0,0,0,-,-,-,-,-,-,-,-,-,-,-,-,-,-,-,-,-,-
7.27241E+17,https://twitter.com/TrumanProject/status/727241387553357824,â€œClimate change is happening. Weâ€™ve got to decide whether weâ€™re going to act.â€ù - @M_Breen in @AoConsequences https://t.co/e6XBimz65I,2016-05-02 21:00 +0000,2912,6,0.00206044,2,0,2,0,2,0,0,0,0,0,0,0,0,0,0,-,-,-,-,-,-,-,-,-,-,-,-,-,-,-,-,-,-
7.2721E+17,https://twitter.com/TrumanProject/status/727209833217273856,Congrats to DefCon's @emily_emiller on the great @chicagotribune coverage for her @Rumi_Spicebusiness! https://t.co/wEs4ZbldVr,2016-05-02 18:55 +0000,1802,9,0.004994451,1,0,2,1,0,0,5,0,0,0,0,0,0,0,0,-,-,-,-,-,-,-,-,-,-,-,-,-,-,-,-,-,-
7.27167E+17,https://twitter.com/TrumanProject/status/727167098338836482,"ICYMI, @RepSpeier took an important step to support mental health care for America's #frontlinecivilians: https://t.co/3MJZ8frQ0y Thank you!",2016-05-02 16:05 +0000,1950,7,0.003589744,1,0,2,3,0,0,1,0,0,0,0,0,0,0,0,-,-,-,-,-,-,-,-,-,-,-,-,-,-,-,-,-,-
7.27159E+17,https://twitter.com/TrumanProject/status/727159403535826945,"#Veterans music project @OperationEncore, co-founded by our Defense Council member @ErikBrine, is back!https://t.co/EMqTN2yM9a",2016-05-02 15:34 +0000,2693,15,0.005569996,5,0,8,2,0,0,0,0,0,0,0,0,0,0,0,-,-,-,-,-,-,-,-,-,-,-,-,-,-,-,-,-,-
7.27136E+17,https://twitter.com/TrumanProject/status/727135649585872896,"""We know all too well from history that if the United States does not lead, NATO will falter."" @SallyPainter1 https://t.co/YwvyVtYyTi",2016-05-02 14:00 +0000,2198,9,0.004094631,3,0,0,2,2,0,2,0,0,0,0,0,0,0,0,-,-,-,-,-,-,-,-,-,-,-,-,-,-,-,-,-,-